Query,Leader,Number of Motif Y,Number of Motif W, Number of Motif E,Total Number of Motif Occurances
DUMMY,YXXPXIYXXPXVYXXPXLABCDWXXPXV,3,1,0,4
BAL72548.1,MTSQPSKKTYNAPSLVQRGKFARTTA,1,0,0,1
EDX69453.1,MKKDWTIPTLEVLDINMTM,0,1,0,1
EEP54053.1,MKLEWNDPSFKDLSVVNTEAANKTNPIHDGTI,0,0,0,0
EEP54053.1,MKVINLRDEIIEKERVSQRKIFCDTL,0,0,0,0
ERK61706.1,MYETPVLTRIADFADATN,1,0,0,1
EFU38369.1,MKLQAGQIKEYGTFMNLTL,0,0,0,0
EGC01675.1,MTYNKPSFEKISSFKESTM,0,0,0,0
AAM34953.1,MHENQPAVLSDTSIEGGRKAWSAPVVSFLSIDETA,0,1,1,2
EKX67782.1,MARKVYEVPALSKAGDFRKDTG,1,0,0,1
EFQ58798.1,MNYTKPVIEKISTFKNGTA,1,0,0,1
EFQ58798.1,MKYCKPTFESIATFKKDTK,0,0,0,0
EGM69346.1,MQQDNMNKSGLAVEQTVKAAWSKPEIEEINIAGYTE,0,1,0,1
EHC14916.1,MKKTYIAPKLIAHGSVETITN,1,0,0,1
EHH07689.1,MEQNVEKHEYETPSLTVHGSIETITQ,1,0,0,1
EHM23870.1,MKKAFYETPEFTAAGSFRSKTG,0,0,0,0
EHQ60562.1,MKKQYSKPSLEVLDVHQTMAGPGTS,1,0,0,1
EHQ60562.1,MYTKATFTKITSFQAATH,0,0,0,0
EHQ60562.1,MYIKARFMKMNSFADCTH,0,0,0,0
EIF51107.1,MKKNFSIKKYNKPEIKNLGKIGTKTQYNKSTAGADGTS,1,0,0,1
EIT86522.1,MKKEWNTPVLEVLDVNMTM,0,1,0,1
EJN86010.1,MADVYTTPCVVDLGDFVEQTG,1,0,0,1
EJN86010.1,MDSKTYESPFIVGLGTFTEVTG,1,0,0,1
EKF85889.1,MTDNENNKRKSYETPKIKVHGNIKKLTK,1,0,0,1
ELQ77757.1,MTYERPTLTKAGGFRKVTG,1,0,0,1
EME73071.1,MKEKLVFEEPKLIKEGNLEELTG,0,0,0,0
EME73071.1,LVFEEPKLIKEGNLEELTG,0,0,0,0
EME58592.1,VKGVYESPALQAAGAFSKVTG,1,0,0,1
EPH46495.1,MKKAYEAPTLVRLGTFRQRTG,1,0,0,1
EPH46120.1,MIAVSEALKNIEIEDVYEPPLLVEAGEYAEATQ,1,0,0,1
EPH45342.1,MAEQTTVTTKSAASKPSTAPSGGGFAPQISAHPVATL,0,0,0,0
EPH44297.1,MSPRAEGSFICQGTYQEESMEEQTGIDERDTAASYEPPALIAVGEFSEDTL,1,0,0,1
EMF00611.1,MKPTLFKQGDFTKKTA,0,0,0,0
EME98378.1,MKNDEATEPRALAPYEAPQMFEVGSFQEDTG,0,0,0,0
BAE50267.1,MSDQSPPATEDAPARKPWHKPEITTLAVEETA,0,1,0,1
BAF73017.1,MIEKNHSDFSGETERQKKPYSSPKIEIIANVRMATK,1,0,0,1
BAF73017.1,MDLNKKVKFADMVFAQEVDGEM,0,0,0,0
BAK37911.1,MSESVQPRPQYESPRLTEVGSVKDLTL,1,0,0,1
BAQ72483.1,MAEQDTNESNETESQRKAWEKPEIVEVSISDVTT,0,1,0,1
BAU05806.1,MKKTYIAPKLIAHGSVETITN,1,0,0,1
BAU05806.1,LAGRSSGSLVYITHDENTA,0,0,0,0
BAV49646.1,MEQNVEKHEYETPSLTVHGSIETITQ,1,0,0,1
BAV87078.1,MYIKARFMKMNSFADCTH,0,0,0,0
BAV87078.1,MGSFNYCFYRIPLLCGFLRIINKSPGAQGAIYRATS,1,0,0,1
BAV87078.1,MLRRSTGPSFERYTLRCRETE,0,0,0,0
BAY16325.1,MKKAYEAPKLTNYGSVQNVTN,1,0,0,1
BAY48405.1,MTREHYHNQQVVTVDRQLGVQLMKKTYNAPKLTNHGSVEAITQ,1,0,0,1
BAY56184.1,LRSQRECNKKYQYFLYYVTD,0,0,0,0
BAY87293.1,MKNTYTTPKLTSFGDVAEMTQ,1,0,0,1
BAY87293.1,MKRNYTTPKLTSFGKVSEITQ,1,0,0,1
BAZ11054.1,MNTSKKAYTAPSLTVHGSVGTITQ,1,0,0,1
BAZ11054.1,MKKSYEAPRLNSHGRVNKLTA,1,0,0,1
BAZ22556.1,MTREHYHNQQVVTVDRQLGVQLMKKTYNAPKLTNHGSVEAITQ,1,0,0,1
BAZ34096.1,MVKLSYEQPSLKKYGTMKELTF,1,0,0,1
BAZ43122.1,MTNSHKKVFIEPELFVHGGIEEITEQNNAIAYTD,0,0,0,0
BAZ57200.1,MNTSKKAYTAPSLTVHGSVGTITQ,1,0,0,1
BAZ57200.1,MNTNKKAYAAPSLTVHGSVGTITQ,1,0,0,1
BAZ57200.1,MKKSYEAPRLNSHGRVNKLTA,1,0,0,1
BBD59608.10,MKKAYEAPQLTNYGSVQNITN,1,0,0,1
BBD59608.10,MKKAYEAPKLTNYGSVENVTH,1,0,0,1
BBD59608.10,MKKAYKAPQLTNYGSVQDVTN,1,0,0,1
EON78975.1,VGWGAWGTLTGWTQSWIVATQVMVVQNQSYWELTS,0,0,0,0
ERN40679.10,MQTSIDSKKQYQEPRIVCVGDAVKMTL,1,0,0,1
ERN40679.10,MKPAPHPPAGQSFRNGTR,0,0,0,0
ESQ81412.1,MAYMSSGRHTVAIFKEAIMTEQTKVAYVAPTVEKIGDFETTTQHTNSGTT,1,0,0,1
ESA35182.10,MSQTTPNKTPKSGKRLYHSPKFDKLGKVSELTL,0,0,0,0
ESA35182.10,LWCQCLFLVEQFNQDMQTP,0,0,0,0
ESA34074.10,MTKKAYTQPSLTAYGSVQTLTK,1,0,0,1
ETA02393.1,MKAIYLPPRLEDAGSFAAVTN,1,0,0,1
ESW85754.1,LEQNVEKHEYETPSLTVHGSIETITQ,1,0,0,1
ESW85754.1,MCRKRGVECRSTATALRDGLDRAVDRQARGFVLMLFNILFQFTLHLWTG,0,0,0,0
ESW65665.1,MEQNVEKHEYETPSLTVHGSIETITQ,1,0,0,1
ESX77168.1,LEQNVEKHEYETPSLTVHGSIETITQ,1,0,0,1
ESY15818.1,LEQNVEKHEYETPSLTVHGSIETITQ,1,0,0,1
ESY15818.1,LEQNVEKHEYETPSLTVHGSIETITQ,1,0,0,1
ESY33439.1,LEQNVEKHEYETPSLTVHGSIETITQ,1,0,0,1
ESY65039.1,MEQNVEKHEYETPSLTVHGSIETITQ,1,0,0,1
ESY65039.1,MEQNVEKHEYETPNLTVHGSIETITQ,1,0,0,1
ESY83587.1,MEQNVEKHEYETPSLTVHGSIETITQ,1,0,0,1
ESY87353.1,MEQNVEKHEYETPNLTVHGSIETITQ,1,0,0,1
ESY87353.1,MEQNVEKHEYETPNLTVHGSIETITQ,1,0,0,1
ESZ03850.1,LEQNVEKHEYETPSLTVHGSIETITQ,1,0,0,1
ESZ13167.1,MEQNVEKHEYETPSLTVHGSIETITQ,1,0,0,1
ESZ28383.1,MEQNVEKHEYETPSLTVHGSIETITQ,1,0,0,1
ESZ35625.1,LEQNVEKHEYETPSLTVHGSIETITQ,1,0,0,1
ESZ43912.1,LEQNVEKHEYETPSLTVHGSIETITQ,1,0,0,1
ESZ50279.1,LEQNVEKHEYETPSLTVHGSIETITQ,1,0,0,1
ESZ60332.1,LEQNVEKHEYETPSLTVHGSIETITQ,1,0,0,1
ESZ63649.1,MEQNVEKHEYETPSLTVHGSIETITQ,1,0,0,1
ESZ70950.1,LEQNVEKHEYETPSLTVHGSIETITQ,1,0,0,1
ESZ75754.1,MCRKRGVECRSTATALRDGLDRAVDRQARGFVLMLFNILFQFTLHLWTG,0,0,0,0
ETI90272.1,LFKFFLHSPLLYNCFTI,0,0,0,0
BAB51738.1,MEQNVEKHEYETPSLTVHGSIETITQ,1,0,0,1
BAC67967.1,MTAETSYETPILTEIGDFADVTR,1,0,0,1
BAC67967.1,MKKAYEAPTLVRLGTFRKKTG,1,0,0,1
CCG35227.1,MHENQPAVLSDTSIEGGRKAWSAPVVSFLSIDETA,0,1,1,2
CDX16392.1,MEQNVQKHEYETPSLTVHGSIETITQ,1,0,0,1
CDX12943.1,MEQNVEKHEYETPSLTVHGSIESITQ,1,0,0,1
CDX41875.1,MEQNVEKHEYETPSLTVHGSIETITQ,1,0,0,1
CDX40739.1,MEQNVEKQEYETPSLTVHGSIETITQ,1,0,0,1
CDX57367.1,MEQNVEKHEYETPSLTVHGSIETITQ,1,0,0,1
CDX57367.1,MEQNVEKHEYETPSLTVHGSIETITQ,1,0,0,1
EAQ28226.1,MTKVTEKVKYEAPKLTVFGSVRNLTG,1,0,0,1
CIS88542.1,MKYCKPTFESIATFKKDTK,0,0,0,0
EEK72160.10,MKKEWKQPVLEVLSINMTM,0,1,0,1
EEL33453.1,MKKEWKQPVLEVLNINMTM,0,1,0,1
EEL33453.1,MKSYYNYYLHIKFVKHTP,0,0,0,0
EEL39256.1,MKKEWKQPVLEVLNINMTM,0,1,0,1
EEL39256.1,MFLLLTFVQKLVAFSHLLTL,0,0,0,0
EEL39256.1,MKSYYNYYLHIKFVKHTP,0,0,0,0
EEL59752.2,MKKEWKQPVLEVLNINMTM,0,1,0,1
EEL69780.1,MKKEWKQPVLEVLNINMTM,0,1,0,1
EEL78896.1,MKKEWEKPILEVLDVKMTM,0,1,0,1
EEM03131.1,MKQEWQSPVLEVLDINMTM,0,1,0,1
EEM14411.1,MKQEWQSPVLEVLDINMTM,0,1,0,1
EEM49144.1,MKKDWTIPTLEVLDINMTM,0,1,0,1
EDY63868.1,VKKAYEAPTLVRLGSFRTKTG,1,0,0,1
EDY58508.1,MLISTTNGQGTPMTSTDELYEAPELIEIGDYAELTR,1,0,0,1
EIV90643.1,MTAAGDTGTETAVSPARRPYETPSLTHHGSVAVQTA,1,0,0,1
EST27551.1,MKKAYEAPTLVRLGTFRKETG,1,0,0,1
EST27551.1,MGMEIQKVLTNEERVAVEEPVAYEPPMVAEAGRFAHDTR,1,0,0,1
AAZ55182.1,MEKKKYTAPQLAKVGEFKEATG,1,0,0,1
ABA78713.1,MANNIQTLAYEAPVLRVHGTLEAMTH,1,0,0,1
ADM69013.1,MSKKEWQEPTIEVLDINQTM,0,1,0,1
ABC21624.1,MNEQKTSDPVELEDETKLPVWHRPTFAILDVESGTV,0,0,0,0
ABD12342.1,MKAIYLPPRLEDAGSFAAVTN,1,0,0,1
ABG33313.1,MTKAVYEAPVLRSHGKVEAVTK,1,0,0,1
ABM04374.1,LVENKAEWQVPSLSKLDVSQTQ,0,1,0,1
ABN76324.1,MANNIQTLAYEAPVLRVHGTLEAMTH,1,0,0,1
ABQ25556.1,MDRDKQSCPDSSVISGESVAASTRSAWSAPTITRIEIKRTM,0,1,0,1
ABQ25556.1,VGVAWLRQVATP,0,0,0,0
ABQ70885.1,MPKTEYETPELIDAGLFEEITE,1,0,0,1
ABW26939.1,MKRTYGAPQLKVYGSVEDMTK,1,0,0,1
ABW26939.1,MKKFYDAPQLRTYGSVEDMTK,1,0,0,1
ABY44558.1,MKKDWTMPTLEVLDINMTM,0,1,0,1
ACO16691.1,MKYCKPTFESIATFKKDTK,0,0,0,0
ACJ51591.1,MYHPNQVNWNGMHRHAIRSHIQSMRRTKMKDYVPPAVEVIASFKEATN,1,0,0,1
ACM00728.1,MLRVHGTLEAMTH,0,0,0,0
ACU62341.1,MKNETTQQKTTWETPDMTVLPINDVTL,0,0,0,0
ACU62341.1,MKNNTSQQPLTWETPDMIVLPIDKVTL,0,0,0,0
ACV63149.1,MEKETIKMPWIPPQIIEIDIKLTE,0,1,0,1
ACV63149.1,VCSMEKETIKMPWIPPQIIEIDIKLTE,0,1,0,1
ADB36635.1,MYKRYLSEGPVPINSVALTT,0,0,0,0
ADB36635.1,MKLTKKDISVSAPARKRAYSTPKLKSLGNVKKLTL,1,0,0,1
ADL35117.1,MKNWNAPEIKELCLSGTQQHGTPNPYVDGKIYDAQRNENWFTF,0,1,0,1
ADL35117.1,LTFSRDILEQTSNFNRRKTCMKNWNAPEIKELCLSGTQQHGTPNPYVDGKIYDAQRNENWFTF,0,1,0,1
ACZ21387.1,MKNYETPMLIPLGSFADLTA,1,0,0,1
ACZ29132.1,MPSYAAPKLTRIGSFKTVTK,1,0,0,1
ACZ42064.1,MKEYRSPELKEYGRVEDRTA,1,0,0,1
ACZ42064.1,MTKTYTAPTLVEYGGLTRLTL,1,0,0,1
ADI05789.1,MEMQARSDETVESYEPPALVAVGEFSEDTL,1,0,0,1
ADL54861.1,VNSIIKVTAESRTPELDTRKVYQAPTLLELQIGKGTE,1,0,0,1
ADO55226.1,MSKKEWQEPTIEVLDINQTM,0,1,0,1
AEH84741.1,MEQNVEKHEYETPSLTVHGSIETITQ,1,0,0,1
ADP78329,MRPGSRPRFRGIKGLPTD,0,0,0,0
ADP78329,MKARYDTPMLDAAGEFSEVTD,1,0,0,1
ADV09416.1,MEQNVEKHEYETPSLTVHGSIETITQ,1,0,0,1
ADW67869.1,MNKPDMSVEQKKRMPWVEPEIRQLDVRETA,0,1,0,1
AEP11779.1,MKQPLPSIEQQASLSQVKQPGKKTYHSPTFTGYGSLTDFTR,0,0,0,0
AEP11779.1,LNNKLLYRKSSSPAKRRTTRQPLQVTA,0,0,0,0
ADX45010.1,MNDDASSISAELLQQPARKPWTTPVVSFLSMDRTE,0,1,0,1
ADZ09099.1,MKKVYKKPELKEHGDIKSLTK,1,0,0,1
ADZ90530.1,MSDIDVNTLLSEDKNSKKSLGDKLIWVAPVLEELETDKTR,0,1,0,1
AEI92624.1,MTKAVYEAPVLRSHGKVEAVTK,1,0,0,1
AEG18393.1,MKDKKSLYQKPELKIYGNLKEHTK,1,0,0,1
AEG18393.1,LQSDKMKDKKSLYQKPELKIYGNLKEHTK,1,0,0,1
AEH09779.1,MEETVRPTMVGPIIREDSTGGTMKAPYQPPALQEVGTFPVVTE,1,0,0,1
AEH09779.1,VDGPPRSSTHLSRSSRQADTG,0,0,0,0
AEH38930.1,MKNRSIGSTIVSSPWKLRAIERRGTGNFNTE,0,0,0,0
AEM82908.1,MNTEKLEYEPPVLAEVGDFAELTR,1,0,1,2
AEM82908.1,MVTEQWEYEPPILVEVGDFAVLTR,1,0,1,2
AET59566.1,MSKKEWQEPTIEVLDINQTM,0,1,0,1
AEV81902.1,MAPTTYQRPTLTKGGSFARKTA,1,0,0,1
AEW92450.1,MTESIEAYEPPMLVEVGSFAELTR,1,0,0,1
AGA59242.1,MRKKEWQTPELEVLDVRLTA,0,1,0,1
AGB42747.1,MEQNVEKHEYETPNLTVHGSIETITQ,1,0,0,1
AFY45042.1,MKKAYEAPQLTNYGSVQNITN,1,0,0,1
AFY45042.1,MKKAYEAPKLTNYGSVQNVTH,1,0,0,1
AFY46590.1,MKKAYAAPQLTVHGNVEDVTN,1,0,0,1
AFY46590.1,MKKAYIAPKLTVHGSVEDVTN,1,0,0,1
AFY99915.1,MSENLKKQYSAIKISSLGEINVMTQ,0,0,0,0
AFY99915.1,VILIRILEFCATDSRFSFYQGLTI,0,0,0,0
AFZ15086.1,MVNLEQSVLFNLKRTQKMSSAKKEYTMPALTIYGNLEVLTQ,1,0,0,1
AFU14264.1,MKKEWKQPVLEVLNINMTM,0,1,0,1
AFU14264.1,MFLLLTFVQKLVAFSHLLTL,0,0,0,0
AFR05970.1,MDEEKIGNEISAYETPTVTEMGAFSEVTL,1,0,0,1
AGF78337.1,MIEQSEGSVDNGKKGISSSMPPKKLEYSKSILINHGSVVRLTAGCAGSGADSGTY,0,0,0,0
AJC54774.1,MQGNELQETDKLQTYEAPKMIECGSFQEDTG,0,0,0,0
AGH75598.1,LSDTSIEGGRKAWSAPVVSFLSIDETA,0,1,0,1
AGH75598.1,MKLQKKAYVKPSLFKQGDFSKKTA,1,0,0,1
AGK52642.1,MKKQWKQPVLEVLDVSMTM,0,1,0,1
AID34097.1,MEQNVEKHEYETPSLTVHGSIETITQ,1,0,0,1
AGX43811.1,MNETKLMWIEPEIIDLSVKETKLGSHFSSTP,0,1,0,1
AHH96970.1,MEAQDLYEPPAVVEIGDYAELTM,1,0,0,1
AMN43757.1,MRPREAGGAGGFDDSPHGSTQ,0,0,0,0
AIA02567.1,MAKKVYEVPALFKAGQFAKDTG,1,0,0,1
AJT69234.1,MEEQNELSNVEPYAPPMLVEVGEFSEDTL,1,0,0,1
AIJ20609.1,MKKEYAAPDIEDIGSLSELTL,1,0,0,1
AIJ20609.1,MREPYTTPEITLLGSVTDLTQANLFGSSPDNLTW,1,0,0,1
AJA11297.1,MHTLPKSAYAKPELVEVGSFEDVTL,1,0,0,1
AIQ15974.1,MKKEYSKPALEVLDVKMTM,1,0,0,1
AIQ39331.1,MKKEYSKPALEVLDVKMTM,1,0,0,1
AIQ45093.1,MKKEYSKPALEVLDVKMTM,1,0,0,1
AIQ50716.1,MKKEYSKPALEVLDVKMTM,1,0,0,1
AIQ50716.1,MKKEYSKPALEVLDVKMTM,1,0,0,1
AIQ67006.1,MKKEYSKPALEVLDVKMTM,1,0,0,1
AJD92691.1,MKKKWTTISLESIEVDKTF,0,0,0,0
AJD92691.1,MKKKWTTISLESIEVDKTF,0,0,0,0
AIS02144.1,MKKAYEAPTLVRLGSFRQKTG,1,0,0,1
AJH22262.1,MKQEWQSPVLEVLDINMTM,0,1,0,1
AKA67165.1,MEKKIWNPPEFLELGVQSTEKSKTWQGGVDATW,0,0,0,0
ALE09244.1,MKQYIAPTVETIASFREATN,1,0,0,1
AKD54566.1,MTTKTVHISAPAPKKAYKTPKLKSLGSVKKLTL,1,0,0,1
APS20075.1,MKQQKQQKKAYVKPSMFQQGDFSKKTA,0,0,0,0
AJP03330.1,MKKAYEAPTLVRLGSFRRKTG,1,0,0,1
AMM93992.1,MKKEWQTPKLEVLNINMTM,0,1,0,1
AKQ40985.2,MTTKTSINTGKARYSTPQLKEFGSVRNLTG,1,0,0,1
ALC19474.1,VKKAYEAPTLVRLGSFRTKTG,1,0,0,1
AKH42782.1,MTKIRYERPTMEQLGSFETLTQ,0,0,0,0
ALA41126.1,MSKKEWQEPTIEVLDINQTM,0,1,0,1
ALC28410.1,MKQQEKAKKAYMKPSLFKQGDFSKKTA,1,0,0,1
ANZ15269.1,MQGNELQETDKLQTYEAPKMIECGSFQEDTG,0,0,0,0
AKN73915.1,MNENIEISNSEPYEPPTVVEVGEFNEDTL,1,0,0,1
AKN73915.1,MENRDEVYEAPMLSEAGDFTEVTL,1,0,0,1
AKN73915.1,VTEEGVMNENIEISNSEPYEPPTVVEVGEFNEDTL,1,0,0,1
AKN73915.1,MKKAYEAPTLVRLGTFRKETG,1,0,0,1
AKO93678.1,VEKKQWEKPEVEVLDVNKTM,0,1,0,1
ALF52492.1,MKKTYEAPKLTNYGSVENITH,1,0,0,1
ALF52492.1,MKKAYAAPQLTNYGSVQSVTN,1,0,0,1
ASN07564.1,LSDTSIEGGRKAWSAPVVSFLSIDETA,0,1,0,1
ANF95853.1,MKNEKMQWQAPAMEVLEMNETA,0,0,0,0
ANF95853.1,MEWQAPEMQVLDVNETA,0,0,0,0
ANF95853.1,MNQEKMQWQAPTLEVLDVNETA,0,1,0,1
ANF95853.1,MNQEKMQWQAPSLEVLDVHQTA,0,1,0,1
ANF95853.1,MQWQAPAMEVLEMNETA,0,0,0,0
ANF95853.1,MQWQAPSLEVLDVHQTA,0,1,0,1
ALS29699.1,MAKQEWQAPVLETLDVKETM,0,1,0,1
ALU95322.1,MKQQKQQKKAYVKPSMFQQGDFSKKTA,0,0,0,0
ALV31428.1,MKKAYEAPTLVRLGTFRKETG,1,0,0,1
ALV31428.1,VEDNTLRDQQDIAESYEPPALVAVGEFSEDTL,1,0,0,1
AMD98906,MTAYATPTVQELGDFQTRTGEWVGPYTE,1,0,0,1
AMD98906,MTEERTRKEVSTVRNYIAPEIHELGGFAKETG,1,0,0,1
AMH89635.1,MKYCKPTFESIATFKKDTK,0,0,0,0
AOS62357.1,MNGESVVAYEPPALEEVGVFDEVTL,1,0,0,1
AMX96410.1,MEQNVEKHEYETPSLTVHGSIETITQ,1,0,0,1
ARI53113.1,MKQQQEKAKKAYMKPSLFKQGDFSKKTA,1,0,0,1
AOK91687.10,MSKKEWQEPTIEVLDISQTM,0,1,0,1
AND41943.1,MKKQWQKPELEVLNINMTM,0,1,0,1
APY90294.1,MQSEKLVYDMPLIVEVGGFRELTR,1,0,0,1
APU19554.1,MNREPMVTESLGSYEPPALEEVGIFDEVTL,1,0,0,1
ANP50159.1,MDKETYEVPAVVELGSFGEETG,1,0,0,1
ANP50159.1,MKKAYEAPTLVRLGTFRKETG,1,0,0,1
ANP50159.1,VVMKKAYEAPTLVRLGTFRKETG,1,0,0,1
ANP50159.1,MRGEAASRRIPASAFHVFLPARSFLPARSPKRPYGRRTMEIQEQHREEPAVRQGYEPPALTAVGEFSEDTL,1,0,0,1
ANP50159.1,MEIQEQHREEPAVRQGYEPPALTAVGEFSEDTL,1,0,0,1
ANP50159.1,MQKDVYEVPALVELGTFEEETG,1,0,0,1
AQX55019.1,MKKQWKLPVLEVVEVKMTM,0,1,0,1
AOW87114.1,MAKEDVYEVPALIEVGDFAELTQ,1,0,0,1
ANY67941.1,MAGIGTRYIDFVKAGDFDVTD,0,0,0,0
APR99540.1,MKVLEKQEDEQIDNAGLSKGPKPYSSPKLRYLGTVYELTQ,1,0,0,1
AOP48644.1,MKKAYEAPTLVRLGSFRKKTG,1,0,0,1
AOY60985.2,LSDTSIEGGRKAWSAPVVSFLSIDETA,0,1,0,1
AOR35711.10,MKKAYEAPTLVRLGTFRKETG,1,0,0,1
AOX01391.1,MDKSYATPEMMVHGTIEDITQFGGPRGTLDVLIFNGDLNNPQATS,0,0,0,0
AOX01391.1,MSIDTENMENNMNSLVYEQPTLKNYGTMKSLTL,1,0,0,1
AOX01391.1,MSIDIENMENNMNSLVYEQPTLKNYGTMKSLTL,1,0,0,1
ASS96103.1,MKKEWKKPELEVLDVNKTM,0,1,0,1
AOY82355.1,MAGNLLGIVVWAQPRNTVSPIQAVTTVNYYQQKESKTMLKTYTTPEMIVHGSIEELTEINGPDHISDVLIVGGTVQATS,0,0,0,0
AOY82355.1,MTTLSYRQQKENTMEKSYATPEMIVHGTIEQLTEISGPDRIADVLIFNGDLANPQATS,0,0,0,0
AOY82355.1,MQKTYTTPEMIVHGSIEELTEINGPDRIADVLIFNGDLANPTA,0,0,0,0
AOY82355.1,MEKSYATPEMIVHGTIEQLTQIIGPERIADVLIFNGDLANPQATS,0,0,0,0
AQZ62001.1,MQRYEKPRLTPAGTFRKATG,1,0,0,1
AQZ62001.1,MLAYTEPKVEVLGAVEELTH,1,0,0,1
AQZ62001.1,MDHPTPAGYEAPHLSPVGSFATSTL,1,0,0,1
APB72178.1,MSKKEWQEPTIEVLDINQTM,0,1,0,1
APE27327.1,MQIKDHKKKPYKRPELTVFGSVRNLTG,1,0,0,1
APO44864.1,MEKKEWQAPALEVLEVNQTM,0,1,0,1
APX92749.1,MQQTDRKPYASPSLQQLGALKDITA,1,0,0,1
APX92749.1,MESRQRHQCWGCNNKLKEKHMDNRDKESYKAPEVISLGSPADITQ,1,0,0,1
AQA00234.1,MTKTVETRTPRKDWQKPELRSVIPAERTR,0,1,0,1
ARV57453.1,MIEKIFMFMETATHHQILKFSTV,0,0,0,0
ARV57453.1,LPRSGKPSFALAPLHCLQLAVRVVTF,0,0,0,0
ARV57453.1,MKKTYNAPKLTNHGNVEEITQ,1,0,0,1
AQS70207.1,MKKAYEAPTLVRLGSFRQKTG,1,0,0,1
ARH89309.1,MKKAYEAPTLVRLGTFRKKTG,1,0,0,1
ARH89309.1,MTYERPTLTKAGSFRKVTG,1,0,0,1
ARS89959.10,MSQDTSRGYERPELTEYGSVESITQ,1,0,0,1
ASR48648.1,MSKKEWQEPTIEVLDINQTM,0,1,0,1
AUB84106.1,MNSASEEPRIDPRQPSGTPAAARRPYESPRLSDCGSLRELTN,1,0,0,1
ARF74210.1,MKQQKKAYVKPSLFKQGDFSKKTA,1,0,0,1
ARF53078.1,MKKAYEAPTLVRRGDFRTETG,1,0,0,1
ARF53078.1,MIETLNIETADVYQAPLLVEAGDFADVTQ,1,0,0,1
ARF53078.1,VYESPLLVEVGHFADLTL,1,0,0,1
ARF53078.1,LSETLNIETADVYESPLLVEVGHFADLTL,1,0,0,1
ARF62518.1,MKQQKKAYVKPSLFKQGDFSKKTA,1,0,0,1
ARF62518.1,MHRQVAHNGLQPLRREGVMKQQKKAYVKPSLFKQGDFSKKTA,1,0,0,1
ARF62518.1,VKPSLFKQGDFSKKTA,0,0,0,0
ARJ68965.1,MKTYVSPALRVHGKVEALTQ,1,0,0,1
ARJ23247.1,MKKEWKQPVLEVLNINMTM,0,1,0,1
ATP19576.1,MEKESYESPELVELGSFESLTQ,1,0,0,1
ARP62151.10,MEQNVEKHEYETPSLTVHGSIETITQ,1,0,0,1
ARR52420.1,MPKTEYETPELIDAGLFEEITE,1,0,0,1
ASJ91700.1,MNNRAYNAPELEELGTFEKLTQ,1,0,0,1
ARU54378.1,MQETETKADQRSKECWTTPKLVSLDDLETK,0,1,0,1
ARU54378.1,LALYPPIIATYSPTSPHNDLKTRNKTQTGSDNNLEKGLQSLTT,0,0,0,0
AUE05901.1,MKQYIAPTVETIASFREATN,1,0,0,1
AWW72917.1,MTKVTEKVKYEAPKLTVFGSVRNLTG,1,0,0,1
ASK63710.1,MKKTWSKPLLEVLDINMTM,0,1,0,1
ASK63710.1,MLNTSKRIQRIINMNNSINLVTN,0,0,0,0
ASN05981.1,MKKTWSKPLLEVLDINMTM,0,1,0,1
ASN05981.1,MKGKWSKPVLEVLDVRKTM,0,1,0,1
ASN05981.1,MNPEAVSDGIMQLINDKELRETI,0,0,0,0
ATW49212.1,MAKKAFYETPEFVSAGSFRGATG,0,0,0,0
ASO19090.1,MNDESRVEALGSYEPPALEEVGVFDKVTL,1,0,0,1
ASO19090.1,VKIHQLKRSGCVNGSSPSRLADQTTD,0,0,0,0
ASP23582.1,MSEISNEACACEQNMRKTYVTPSLEIFGEVAVLTA,1,0,0,1
ATL32301.1,MEHEEIYQPPAMVEVGDFAELTR,0,0,0,0
AXV38672.1,MDTKKKYSKPELISYGNIENVTQ,1,0,0,1
AXV38900.1,MVDNEIKKKYNKPELITHDTVKNLTE,1,0,0,1
ASV68521.1,LQELEIKRTM,0,0,0,0
AUT01292.1,MFIQDIQYHAQQKNHHNKNLAAIITY,0,0,0,0
ATI79781.1,MEKESYESPELVELGSFESLTQ,1,0,0,1
ATL68801.1,MQQESVYESPVLFKVGTFEDDTQ,1,0,0,1
ATL68801.1,MLDNDVTTRQPSEASPYLPPIVVAAGEFAEETK,1,0,1,2
AXY10746.1,MKKEWKQPVLEVLNVNMTM,0,1,0,1
AXI10764.1,MKKEWNMPTLEILDINMTM,0,1,0,1
AXI10764.1,MPTLEILDINMTMAGPGIKTP,0,0,0,0
ATY34313.1,MNKALRHLLIMSSLQPGRMITRGGYLHDVTR,0,0,0,0
AUD02483.1,MKSRSTQRNTAPSPRKTYQTPALKNLGSVKKLTL,1,0,0,1
AUD02483.1,MTTTNIHPLVRLPKKAYKTPRLKALGSVKKLTL,1,0,0,1
AUS78889.1,MTNDESSDTAGLEPYEPPELTVVGDFGCVTR,1,0,0,1
AXE84587.1,MDEQIEFSTTEPYAPPTLTEVGEFNEDTL,1,0,0,1
AXE84587.1,MRAYERPTLTAVGTFRATG,1,0,0,1
AWD67027.1,LETLDITMTMASTVYGPYTD,0,0,0,0
AVO54533.1,MHLELRYRRRILIGPKTFRLQIGRSVYGKGSSASTA,0,0,0,0
AVT39505.1,MKKTAYERPTLSKQGTFARKTA,1,0,0,1
AVT39505.1,VNLIRDDSAGHPHDDPADYQAPTVRRLGTLAELTR,1,0,0,1
AVT39505.1,MNDDASSISAELPQQPARKPWTTPVVSFLSMDRTE,0,1,0,1
AWK88543.1,MNQDVQNGTRTETGAGGRAPWRAPTLTEYDIASSTE,0,1,0,1
AWK88543.1,MVERSVGPSATVVRNDEVLAAVVD,0,0,0,0
AWL87001.1,MKQQKQQKKAYVKPSMFQQGDFSKKTA,0,0,0,0
AWN25036.1,MEEQNELSTVEPYAAPMLVEVGEFNEDTL,1,0,0,1
AWN25036.1,MKKAYEAPTLVRLGSFRKKTG,1,0,0,1
AWN25036.1,MKTMYSKPTLLKVGEFSKLTM,1,0,0,1
AXX30694.1,MENAIEVYEAPCLVEIGDFAELTQ,1,0,0,1
AXI87110.1,MTAIYEPPALQEIGDFDELTK,1,0,0,1
AWT47972.1,MAYERPTLTKVGDFQKVTG,1,0,0,1
AYA77621.1,MKKEWQTPELQVLDVNMTM,0,1,0,1
AZV63433.1,MKKEWKKPELEILDVNQTM,0,1,0,1
AXE20520.1,METQNNDRKIWAKPVVLALNINKDTY,0,1,0,1
AXI73092.1,MKQQEKAKKAYMKPSLFKQGDFSKKTA,1,0,0,1
AYA63341.1,MKTFENASESKQEYVKPELQKVGTLAELTE,1,0,0,1
AXK19611.1,MKKEWKQPVLEVLNINMTM,0,1,0,1
AYF07691.1,MKKEWKQPVLEVLNINMTM,0,1,0,1
AYA20757.1,MQSEKLVYDMPLIVEVGGFRELTR,1,0,0,1
AYC38044.1,MSAVYEPPMLQEVGDFDELTK,1,0,0,1
AZB67985.1,MANNIQTLAYEAPVLRVHGTLEAMTH,1,0,0,1
AYW78015.1,MLTELKTELKEVRELCYAQLNRAVEAARQEGGSDMYETPVLTRIADFADATN,1,0,0,1
AYW78015.1,MDDFTSCFVRLKPTGRRKVATRRSWTDSTS,0,0,0,0
AZH28429.1,MSKKEWQEPTIEVLDINQTM,0,1,0,1
AZO72133.1,MEQNVEKHEYETPSLTVHGSIETITQ,1,0,0,1
AZO17090.1,MEQNVEKHEYETPSLTVHGSIETITQ,1,0,0,1
AZO20319.1,MEQNVEKQEYEAPSLTVHGSIETITQ,1,0,0,1
AZO26344.1,MEQNVEKHEYETPSLTVHGSIETITQ,1,0,0,1
AZO35010.1,MEQNVEKHEYETPSLTVHGSIETITQ,1,0,0,1
AZO49400.1,MEQNVEKQEYETPSLTVHGSIETITQ,1,0,0,1
AZO56779.1,MEQNVEKQEYETPNLTVHGSIEAITQ,1,0,0,1
CAM75263.1,MHDDKAVSVEQECRTAVKKPWRTPVLSVVDIASGTQ,0,1,0,1
CAM75263.1,VEQECRTAVKKPWRTPVLSVVDIASGTQ,0,1,0,1
CAM75263.1,VEPFPLETKMHDDKAVSVEQECRTAVKKPWRTPVLSVVDIASGTQ,0,1,0,1
CAM75263.1,LETKMHDDKAVSVEQECRTAVKKPWRTPVLSVVDIASGTQ,0,1,0,1
CUU59952.1,MSATSDATTEPTSLARRPYERPSMTDYGSLARRTA,0,0,0,0
CUV66443.1,MVNENDKTTTQVAQKEEWKEPEIVELDINKTE,0,1,0,1
CYV09580.1,MNYTKPVIEKISTFKNGTA,1,0,0,1
CYV09580.1,MKYCKPTFESIATFKKDTK,0,0,0,0
CYV09580.1,MKYCKPTFESIATFKKDTK,0,0,0,0
CYV09580.1,MNYTKPVIEKISTFKNGTA,1,0,0,1
CYV09580.1,MNYTKPVIEKISTFKNGTA,1,0,0,1
CYV09580.1,MKYCKPTFESIATFKKDTK,0,0,0,0
CCG01342.1,MTNEDYTPPTIAEIGSLHELTLQAKDFTG,1,0,0,1
CDC70363.1,MNNNYEKPSYIILGDMFELTG,0,0,0,0
CDD03763.1,MKAWSQPEMEELNVRATAYSPKGGLIEDGVYQSDDGKYTIPTY,0,0,0,0
CDF46406.10,VQQCQHDIIYKIFINYAKVFGINYCLLIDMSNDILYLSYVTYVITE,0,0,0,0
EFL30391.1,MKKAYEAPTLVRLGTFRKETG,1,0,0,1
EFL30391.1,MRTYERPTLTAVGSFRKTG,1,0,0,1
EEZ79047.1,MATYVSPAIEQIADYAEATR,1,0,0,1
EGJ30457.1,MTKTYTQPDLIIHGNVEEITL,1,0,0,1
CCH32654.1,MTKRTLPERYQTPSAQVVGRFTRDTR,0,0,0,0
CCK24678.1,MRMYEPPTLILAGSFRTLTG,1,0,0,1
CCK24678.1,MKKVYEAPTLVRLGSFRKQTG,1,0,0,1
CDK97832.1,MHDDKAVSVEQECRTAVKKPWRTPVLSVVDIASGTQ,0,1,0,1
EHS58773.1,MSKKEWQEPTIEVLDINQTM,0,1,0,1
EJJ06527.1,MTEQSEQTPAEYIPPMLVEVGEFTEDTL,1,0,0,1
EJJ06527.1,MKKAYEAPTLVRLGSFRKKTG,1,0,0,1
EJQ12996.1,MKKEWKQPVLEVLNINMTM,0,1,0,1
EJQ46269.1,MKKDWTIPTLEVLDINMTM,0,1,0,1
EJQ97588.1,MKKEWKTPVLETLDINMTM,0,1,0,1
EJQ81643.1,MKKEWKQPVLEVLNINMTM,0,1,0,1
EJR65205.1,MKKDWTIPTLEVLDINMTM,0,1,0,1
EJS60858.1,MKQEWQSPVLEVLDINMTM,0,1,0,1
EJR53251.1,MKKEWKQPVLEVLNINMTM,0,1,0,1
EJR42470.1,MKKEWKQPVLEVLNINMTM,0,1,0,1
EJR36267.1,MKKEWKQPVLEVLSINMTM,0,1,0,1
EJV69987.1,MKKEWKQPILEVLNINMTM,0,1,0,1
EJV82547.1,MKKEWKQPVLEVLNINMTM,0,1,0,1
EKU73220.1,MEKESYESPELVELGSFESLTQ,1,0,0,1
EKU97462.1,MTKKTYTQPSLTAYGSVEKLTK,1,0,0,1
ENZ34376.1,MKLEWNDPSFKDLSVVNTEAANKTNPIHDGTI,0,0,0,0
ENZ34376.1,LKVINLRYEINEKERVSQRKIFCDTL,0,0,0,0
EOO15556.1,MKKDWTIPTLEVLDINMTM,0,1,0,1
EOO15556.1,MKKEWKQPVLEVLNINMTM,0,1,0,1
EOO25054.1,MLLINHIKGMSLVNYKSDKQNEKKNKTKEYFSPKIVLLGSAVQLTR,1,0,0,1
EOO25054.1,MDNTVREQNEKKNKTKEYFSPKIVLLGSAVQLTR,1,0,0,1
EOO25054.1,MKYTNDKQNEKKNKTKEYFSPKIILLGSAVQLTR,1,0,0,1
EOO44055.1,MLLINHIKGMSLVNYKSDKQNEKKNKTKEYFSPKIVLLGSAVQLTR,1,0,0,1
EOO44055.1,MKYTNDKQNEKKNKTKEYFSPKIILLGSAVQLTR,1,0,0,1
EOO44055.1,MDNTVREQNEKKNKTKEYFSPKIVLLGSAVQLTR,1,0,0,1
EOO46197.1,MLLINHIKGMSLVNYKSDKQNEKKNKTKEYFSPKIVLLGSAVQLTR,1,0,0,1
EOO46197.1,MKYTNDKQNEKKNKTKEYFSPKIILLGSAVQLTR,1,0,0,1
EOO46197.1,MDNTVREQNEKKNKTKEYFSPKIVLLGSAVQLTR,1,0,0,1
EOO62644.1,MKYTNDKQNEKKNKTKEYFSPKIILLGSAVQLTR,1,0,0,1
EOO62644.1,MDNTVREQNEKKNKTKEYFSPKIVLLGSAVQLTR,1,0,0,1
EOO62644.1,MLLINHIKGMSLVNYKSDKQNEKKNKTKEYFSPKIVLLGSAVQLTR,1,0,0,1
EOO70769.1,MKQEWQSPVLEVLDINMTM,0,1,0,1
EOP17090.1,MKKEWKTPVLETLDINMTM,0,1,0,1
EOP01550.1,MLLINHIKGMSLVNYKSDKQNEKKNKTKEYFSPKIVLLGSAVQLTR,1,0,0,1
EOP01550.1,MDNTVREQNEKKNKTKEYFSPKIVLLGSAVQLTR,1,0,0,1
EOP01550.1,MKYTNDKQNEKKNKTKEYFSPKIILLGSAVQLTR,1,0,0,1
EOP24161.1,MKKEWKQPVLEVLNINMTM,0,1,0,1
EOP24161.1,MKSYYNYYLHIKFVKHTP,0,0,0,0
EOP37860.1,MKKEWKQPVLEVLNINMTM,0,1,0,1
EOP47816.1,MKQEWQSPVLEVLDINMTM,0,1,0,1
EOP63058.1,MKQEWQSPVLEVLDINMTM,0,1,0,1
EOP66387.1,MKKEWEKPILEVLDVKMTM,0,1,0,1
EOP77542.1,MKQEWQSPVLEVLDINMTM,0,1,0,1
EOQ19499.1,MKQEWQSPVLEVLDINMTM,0,1,0,1
EJP92454.1,MKKEWKQPVLEVLNINMTM,0,1,0,1
EPD94852.1,MESMEHTYEPPALTELGDFGELTQ,1,0,0,1
EPC03541.1,MLELKHAGGKGEYVPPAVLQLGSSADITAAGTA,1,0,0,1
EPC03541.1,MPESKGTGGKGEYAAPVVLRLGSSAVITA,1,0,0,1
EPC03541.1,MRELDKARGKGEYVPPILLRLGSSADITA,1,0,1,2
EPI28815.1,MKEVNSMTKQNYSKPSIEKIAGFKESTR,1,0,0,1
ERH20095.1,MAYTTPTIEKLATYSDVTR,1,0,0,1
ERH20095.1,MAEYTAPAIEKIADYSKVTR,1,0,0,1
ERH20095.1,MAIYTAPAIEKIADYSEATR,1,0,0,1
ERH20095.1,MAYTTPMIEKIADYSEATR,1,0,0,1
ERT66498.1,MYTKATFTKITSFRAATH,0,0,0,0
ESU32075.1,MKKQWQKPELEVLNVTMTM,0,1,0,1
ALT06554.1,MEPQMTELQPEAYEAPSLIEVGEFSEDTL,1,0,0,1
ANJ64469.1,MKCCKPTFESIATFKKDTK,0,0,0,0
ANJ64469.1,MNYTKPVIEKISTFKNGTA,1,0,0,1
ARA91548.10,METNDVYEPPALEEIGGFAELTM,1,0,0,1
ARA91548.10,MKLQKKAYVKPSLFKQGDFSKKTA,1,0,0,1
ARA91554.10,MSSGLKGYRSGLKEENLMNREPMVTESLGSYEPPALEEVGIFDEVTL,1,0,0,1
ARA91561.10,MQGNELQETDKLQTYEAPKMIECGSFQEDTG,0,0,0,0
CDR18158.1,MDTTRYEAPALFEIGGFSEKTR,1,0,0,1
CDR18158.1,MDAIRYEAPALFEIGGFSEKTR,1,0,0,1
CDX26552.1,MEQNVEKQEYETPSLTVHGSIETITQ,1,0,0,1
CEA12629.1,MIQKGIYKKPKLITHGNVDDITL,1,0,0,1
CEG14134.1,MHENQPAVLSDTSIEGGRKAWSAPVVSFLSIDETA,0,1,1,2
CEL25014.1,MSIKEKKCYKKPEIKIHGDLRKITK,1,0,0,1
CQR52743.1,MKKEYSKPALEVLDVKMTM,1,0,0,1
CQR59433.1,MEPQMTELQPEAYEAPSLIEVGEFSEDTL,1,0,0,1
CQR59433.1,MEHDEKTPYETPAVYGLGAFAEETG,1,0,0,1
CTQ98519.1,MIKDDEIYEVPTLVEVGDFAELTL,1,0,0,1
CTQ98519.1,MNLRGKTKINKAKLKWSKPDIVKLSVKDTK,0,1,0,1
CUW27212.1,MNENIEISNSEPYEPPTVVEVGEFNEDTL,1,0,0,1
CUW32876.1,MENRDEVYEAPMLSEAGDFTEVTL,1,0,0,1
